{
  "direction_logloss": [
    0.694188,
    0.698822,
    0.693567,
    0.689671,
    0.692182,
    0.691093,
    0.695758,
    0.696043,
    0.688257
  ],
  "range_mae": [
    0.001003,
    0.001174,
    0.00118,
    0.001253,
    0.001051,
    0.000882,
    0.000828,
    0.000924
  ],
  "breach_dn_logloss": [
    0.696005,
    0.86668,
    0.817446,
    0.724997,
    0.664476,
    0.656174,
    0.589742,
    0.674031,
    0.677748
  ],
  "breach_up_logloss": [
    0.617578,
    0.691408,
    0.681422,
    0.638495,
    0.63757
  ]
}