{
  "direction_logloss": [
    0.694188,
    0.698822,
    0.693567
  ],
  "range_mae": [
    0.001003,
    0.001174,
    0.00118
  ],
  "breach_dn_logloss": [
    0.696005,
    0.86668,
    0.817446,
    0.724997
  ],
  "breach_up_logloss": [
    0.617578,
    0.691408,
    0.681422
  ]
}